student_id,last_name,first_name,section,quiz1,quiz2,quiz3,quiz4,quiz5,midterm,final,attendance_percent,quiz_average,final_grade,letter_grade,improvement
1001,Smith,John,A,85.0,90.0,88.0,92.0,87.0,85.0,88.0,95.0,88.4,87.88000000000001,B,3.5294117647058822
1002,Johnson,Emily,A,78.0,82.0,80.0,85.0,83.0,80.0,82.0,90.0,81.6,82.12,B,2.5
1005,Jones,David,A,55.0,60.0,58.0,62.0,59.0,58.0,60.0,75.0,58.8,60.66,D,3.4482758620689653
1009,Rodriguez,Carlos,A,,,85.0,88.0,86.0,82.0,85.0,80.0,86.33333333333333,83.86666666666666,B,3.6585365853658534
1012,Lopez,Sofia,A,90.0,92.0,91.0,93.0,94.0,91.0,93.0,97.0,92.0,92.60000000000001,A,2.197802197802198
1015,Anderson,Oliver,A,60.0,65.0,62.0,68.0,66.0,65.0,67.0,78.0,64.2,66.94,D,3.076923076923077
