student_id,last_name,first_name,section,quiz1,quiz2,quiz3,quiz4,quiz5,midterm,final,attendance_percent,quiz_average,final_grade,letter_grade,improvement
1003,Williams,Michael,B,92.0,95.0,93.0,90.0,94.0,92.0,95.0,100.0,92.8,94.16,A,3.260869565217391
1004,Brown,Sarah,B,65.0,70.0,68.0,72.0,69.0,70.0,68.0,85.0,68.8,70.46000000000001,C,-2.857142857142857
1008,Davis,Lisa,B,95.0,98.0,96.0,97.0,99.0,96.0,98.0,100.0,97.0,97.4,A,2.083333333333333
1011,Hernandez,Luis,B,45.0,50.0,48.0,52.0,49.0,50.0,48.0,70.0,48.8,50.96,F,-4.0
1014,Wilson,Emma,B,88.0,90.0,89.0,91.0,92.0,89.0,91.0,95.0,90.0,90.6,A,2.247191011235955
